{
    "num_samples": 40000,
    "num_particles": 5,
    "prior": {
        "prior_mean_njumps": 1.0,
        "fix_jump_rate": false,
        "var_prior": "gamma",
        "var_prior_params": [
            1.0,
            1.0
        ]
    },
    "seeds": [
        2147483648,
        2147483649,
        2147483650,
        2147483651,
        2147483652,
        2147483653,
        2147483654,
        2147483655
    ],
    "log_dir": "logs",
    "trace_dir": "traces",
    "proposal_file": "proposal.pkl",
    "base_dist": {
        "family": "normal",
        "params": {
            "mean": 0.1876701401617162,
            "std": 1.0508839300540933
        }
    }
}