{
    "num_samples": 2000,
    "num_particles": 5,
    "prior": {
        "prior_mean_njumps": 1.0,
        "fix_jump_rate": false,
        "var_prior": "fixed",
        "var_prior_params": [
            1.0
        ]
    },
    "hpyp_params": {
        "conc": 0,
        "disc": 0.5
    },
    "seeds": [
        2147483648,
        2147483649,
        2147483650,
        2147483651,
        2147483652,
        2147483653
    ],
    "log_dir": "logs",
    "trace_dir": "traces",
    "proposal_file": "proposal.pkl",
    "base_dist": {
        "family": "normal",
        "params": {
            "mean": 1.867795002187363,
            "std": 2.039880329468192
        }
    }
}